Point,Sky_View_%,Greenery_%,Hardness_%,Enclosure_Score,Typology
8,21.65,6.06,30.88,1.43,Open Plaza
11,3.95,0.49,61.31,15.52,Canyon/Underpass
14,1.75,0.09,37.21,21.3,Canyon/Underpass
17,0.0,0.0,67.24,528816.0,Canyon/Underpass
20,26.89,13.12,15.44,0.57,Open Plaza
23,0.2,49.13,11.79,58.9,Canyon/Underpass
26,20.5,4.87,52.94,2.58,Open Plaza
29,26.42,1.09,51.23,1.94,Open Plaza
32,23.96,0.94,29.8,1.24,Open Plaza
36,31.91,12.88,16.96,0.53,Open Plaza
39,5.71,43.3,18.99,3.33,Canyon/Underpass
42,0.0,4.1,51.73,406797.0,Canyon/Underpass
