id,GVI,SkyFactor,PublicRealm,HumanPresence
10,1.2603569030761719,10.074748992919922,4.4240570068359375,31.095829010009766
11,1.2603569030761719,10.074748992919922,4.4240570068359375,31.095829010009766
12,22.627086639404297,86.52883529663086,22.627086639404297,6.053895950317383
13,14.485187530517578,83.60037803649902,14.756097793579102,22.557048797607422
14,0.236053466796875,4.453239440917969,5.090389251708984,25.043716430664062
15,39.009456634521484,56.03416442871094,39.009456634521484,51.2913703918457
16,58.300018310546875,23.618316650390625,59.662513732910156,8.51511001586914
17,0.0,0.0,29.08029556274414,17.16510772705078
18,0.04328727722167969,0.0,2.9060840606689453,15.854330062866211
19,0.04328727722167969,0.0,2.9060840606689453,15.854330062866211
20,33.44744682312012,68.56023788452148,33.522348403930664,6.031522750854492
21,33.44744682312012,68.56023788452148,33.522348403930664,6.031522750854492
22,9.633445739746094,12.965755462646484,11.288414001464844,12.830219268798828
23,125.28213500976562,0.5100440979003906,211.86285018920898,8.252792358398438
24,19.234790802001953,62.22829818725586,19.763965606689453,7.336788177490234
25,1.3216400146484375,58.29418182373047,4.006099700927734,0.3216552734375
26,12.40966796875,52.26930618286133,14.848670959472656,1.7415428161621094
27,6.072540283203125,59.96763229370117,6.165599822998047,0.228271484375
28,2.7690887451171875,67.35921859741211,3.151702880859375,0.3349494934082031
29,2.7690887451171875,67.35921859741211,3.151702880859375,0.3349494934082031
30,6.659431457519531,85.87839126586914,6.78070068359375,0.08106231689453125
31,6.659431457519531,85.87839126586914,6.78070068359375,0.08106231689453125
32,2.407064437866211,61.10461235046387,2.407064437866211,1.4766311645507812
33,2.9980087280273438,67.92843818664551,2.9980087280273438,4.126882553100586
35,143.99585723876953,12.988777160644531,143.99585723876953,19.015274047851562
36,32.851152420043945,81.36159896850586,32.86720275878906,33.34482192993164
37,54.73489761352539,73.6590576171875,57.094783782958984,0.352783203125
38,208.19429397583008,0.0,208.19429397583008,37.04256057739258
39,110.42535781860352,14.560737609863281,112.75184631347656,0.3232765197753906
40,121.94690704345703,6.406841278076172,122.16480255126953,3.1970977783203125
41,17.202072143554688,58.0239200592041,18.4603214263916,26.15086555480957
42,10.461902618408203,0.0,10.717086791992188,2.1225357055664062
43,32.27804183959961,7.184715270996094,32.29522705078125,2.0875167846679688
44,12.25240707397461,43.33656311035156,13.501091003417969,0.0
45,61.4021110534668,13.223209381103516,61.4021110534668,64.54959869384766
46,16.33393071771978,52.544310182005496,37.54890324519231,0.34461924793956045
47,65.32390594482422,5.154266357421875,65.32390594482422,10.007305145263672
8,15.452585220336914,55.19857406616211,15.459880828857422,2.1935462951660156
9,9.993038177490234,93.7216567993164,10.254058837890625,4.638710021972656
