1,40.73950,-74.00900
2,40.73970,-74.00890
3,40.73990,-74.00880
4,40.74010,-74.00870
5,40.74030,-74.00860
6,40.74050,-74.00850
7,40.74070,-74.00840
8,40.74090,-74.00830
9,40.74110,-74.00820
10,40.74130,-74.00810
11,40.74150,-74.00800
12,40.74170,-74.00790
13,40.74190,-74.00780
14,40.74210,-74.00770
15,40.74230,-74.00760
16,40.74250,-74.00750
17,40.74270,-74.00740
18,40.74290,-74.00730
19,40.74310,-74.00720
20,40.74330,-74.00710
21,40.74350,-74.00700
22,40.74370,-74.00690
23,40.74390,-74.00680
24,40.74410,-74.00670
25,40.74430,-74.00660
26,40.74450,-74.00650
27,40.74470,-74.00640
28,40.74490,-74.00630
29,40.74510,-74.00620
30,40.74530,-74.00610
31,40.74550,-74.00600
32,40.74570,-74.00590
33,40.74590,-74.00580
34,40.74610,-74.00570
35,40.74630,-74.00560
36,40.74650,-74.00550
37,40.74670,-74.00540
38,40.74690,-74.00530
39,40.74710,-74.00520
40,40.74730,-74.00510
41,40.74750,-74.00500
42,40.74770,-74.00490
43,40.74790,-74.00480
44,40.74810,-74.00470
45,40.74830,-74.00460
46,40.74850,-74.00450
47,40.74870,-74.00440
48,40.74890,-74.00430
49,40.74910,-74.00420
50,40.74930,-74.00410