rib_id,s_m,type,fabrication,height_m,reach_m,install_heading_deg,member_length_m,seg1_m,seg2_m,seg3_m,seg4_m,bend1_deg,bend2_deg,bend3_deg,install_tol_mm
R001,0.0,T07,bespoke,5.23,2.96,113.7,14.875,4.156,1.516,3.646,5.557,32.7,120.8,18.9,256.9
R002,8.0,T06,bespoke,4.58,2.3,106.8,13.45,3.864,1.298,3.222,5.066,22.8,104.8,17.2,1662.2
R003,16.1,T03,bespoke,2.69,0.76,115.4,10.55,3.271,1.357,2.163,3.758,4.0,54.4,10.9,823.6
R004,24.1,T02,standard,2.31,0.56,131.1,10.167,3.203,1.441,1.982,3.54,6.3,47.5,9.2,82.6
R005,32.1,T02,standard,1.99,0.39,142.6,9.869,3.146,1.508,1.851,3.363,6.4,40.8,8.0,94.0
R006,40.2,T02,standard,1.77,0.28,157.7,9.701,3.134,1.566,1.743,3.258,6.2,36.7,6.8,199.3
R007,48.2,T01,standard,1.61,0.2,169.4,9.582,3.122,1.594,1.681,3.185,5.9,32.9,6.2,107.5
R008,56.3,T01,standard,1.49,0.15,176.7,9.499,3.103,1.609,1.656,3.131,5.4,30.4,5.5,52.9
R009,64.3,T01,standard,1.42,0.12,183.3,9.442,3.088,1.617,1.639,3.098,5.2,28.9,5.4,34.0
R010,72.3,T01,standard,1.36,0.09,185.3,9.405,3.079,1.614,1.629,3.083,5.1,27.4,5.2,25.1
R011,80.4,T01,standard,1.33,0.08,184.5,9.396,3.073,1.614,1.624,3.085,5.1,26.6,5.1,18.8
R012,88.4,T01,standard,1.3,0.06,177.6,9.379,3.066,1.604,1.631,3.077,4.9,25.9,5.2,12.6
R013,96.5,T01,standard,1.3,0.08,159.1,9.379,3.057,1.593,1.641,3.089,4.9,25.9,5.1,18.0
R014,104.5,T01,standard,1.2,0.0,343.0,9.312,3.049,1.608,1.606,3.049,4.2,24.4,4.2,28.4
R015,112.5,T01,standard,1.2,0.0,318.7,9.322,3.049,1.608,1.615,3.049,4.2,24.4,4.2,28.4
R016,120.6,T01,standard,1.2,0.0,245.2,9.322,3.049,1.615,1.608,3.049,4.2,24.4,4.2,28.4
R017,128.6,T01,standard,1.2,0.0,224.1,9.322,3.049,1.615,1.608,3.049,4.2,24.4,4.2,28.4
R018,136.6,T04,bespoke,2.94,1.34,87.0,10.915,3.21,1.165,2.5,4.039,9.0,66.5,12.8,1239.1
R019,144.7,T05,bespoke,3.63,1.72,102.6,11.853,3.439,1.152,2.798,4.464,12.9,83.7,14.4,1150.1
R020,152.7,T05,bespoke,4.44,2.04,117.5,13.137,3.854,1.336,3.041,4.906,19.0,97.8,16.9,966.7
R021,160.8,T06,bespoke,5.54,2.47,143.4,15.189,4.588,1.875,3.26,5.467,25.4,110.2,19.9,1211.3
R022,168.8,T07,bespoke,6.07,2.75,182.7,16.415,5.263,2.673,3.004,5.475,25.8,112.9,24.0,976.2
R023,176.8,T10,bespoke,6.83,4.17,270.5,18.469,6.716,4.485,2.167,5.101,22.0,140.0,40.0,1501.5
R024,184.9,T10,bespoke,6.99,4.2,261.2,18.808,6.776,4.477,2.296,5.26,22.7,138.5,39.1,1372.9
R025,192.9,T10,bespoke,7.1,4.45,249.1,19.324,6.816,4.534,2.569,5.405,23.6,137.7,39.4,1100.3
R026,200.9,T10,bespoke,7.1,5.17,149.5,20.228,5.532,3.049,4.776,6.87,41.2,139.6,25.3,1107.3
R027,209.0,T10,bespoke,7.15,4.37,326.8,19.392,6.745,4.39,2.713,5.544,24.3,134.5,37.4,956.2
R028,217.0,T09,bespoke,7.11,3.65,306.2,18.487,6.693,4.192,2.213,5.389,22.0,132.5,33.1,589.5
R029,225.1,T09,bespoke,7.11,3.5,254.1,18.39,6.628,4.076,2.248,5.438,22.1,129.8,31.3,473.2
R030,233.1,T10,bespoke,7.13,4.41,229.1,19.515,6.649,4.281,2.924,5.661,25.5,132.8,36.4,745.1
R031,241.1,T06,bespoke,5.41,2.36,64.3,14.9,4.512,1.813,3.2,5.375,24.5,108.0,19.7,1150.7
R032,249.2,T05,bespoke,4.18,1.39,91.3,12.511,3.838,1.405,2.669,4.599,7.5,83.6,15.0,897.2
R033,257.2,T04,bespoke,3.48,1.06,170.6,11.635,3.737,1.742,2.158,3.998,14.8,72.8,14.6,675.6
R034,265.2,T04,bespoke,3.15,1.17,203.8,11.332,3.777,2.003,1.864,3.688,15.9,71.1,16.5,401.4
R035,273.3,T01,standard,1.22,0.02,89.3,9.338,3.046,1.605,1.624,3.064,4.6,24.3,4.6,13.9
R036,281.3,T01,standard,1.23,0.02,111.4,9.342,3.055,1.595,1.629,3.064,4.1,25.1,4.3,13.9
R037,289.4,T01,standard,1.23,0.02,122.2,9.334,3.048,1.593,1.624,3.07,4.7,24.4,4.8,11.0
R038,297.4,T01,standard,1.26,0.04,129.3,9.349,3.048,1.585,1.643,3.073,4.0,25.8,4.4,20.5
R039,305.4,T01,standard,1.46,0.2,275.8,9.478,3.183,1.744,1.518,3.034,5.7,29.3,4.6,140.7
R040,313.5,T01,standard,1.4,0.15,271.9,9.432,3.14,1.712,1.54,3.041,5.6,27.9,4.7,108.2
R041,321.5,T01,standard,1.37,0.12,267.9,9.412,3.13,1.681,1.561,3.04,4.8,27.9,4.4,77.5
R042,329.6,T01,standard,1.32,0.07,253.9,9.393,3.1,1.655,1.578,3.06,4.9,26.5,4.6,51.4
R043,337.6,T01,standard,1.35,0.09,238.8,9.411,3.103,1.661,1.587,3.061,5.1,27.3,4.7,57.3
R044,345.6,T01,standard,1.39,0.13,229.9,9.428,3.119,1.658,1.587,3.065,5.3,28.2,5.1,64.9
R045,353.7,T01,standard,1.2,0.0,75.3,9.317,3.049,1.614,1.605,3.049,4.2,24.4,4.2,28.7
R046,361.7,T01,standard,1.2,0.0,98.5,9.328,3.052,1.612,1.612,3.052,4.8,23.6,4.8,25.8
R047,369.7,T01,standard,1.22,0.01,119.7,9.338,3.055,1.605,1.624,3.055,4.5,24.3,4.7,23.0
R048,377.8,T01,standard,1.23,0.02,134.9,9.334,3.048,1.602,1.627,3.058,4.7,24.3,4.9,20.1
R049,385.8,T01,standard,1.25,0.03,146.7,9.354,3.048,1.604,1.629,3.073,4.6,25.0,4.6,5.9
R050,393.9,T01,standard,1.25,0.03,152.3,9.354,3.058,1.604,1.619,3.073,4.5,25.1,4.6,5.1
R051,401.9,T01,standard,1.25,0.03,158.8,9.345,3.048,1.601,1.632,3.063,4.6,25.0,4.7,14.2
R052,409.9,T01,standard,1.26,0.04,170.9,9.349,3.058,1.6,1.625,3.066,4.2,25.9,4.3,11.1
R053,418.0,T01,standard,1.28,0.03,45.8,9.358,3.054,1.606,1.625,3.073,4.6,25.8,4.6,5.1
R054,426.0,T01,standard,1.21,0.0,212.7,9.332,3.055,1.608,1.614,3.055,4.4,24.4,4.4,22.7
R055,434.0,T01,standard,1.2,0.0,85.1,9.318,3.049,1.614,1.605,3.049,4.2,24.4,4.2,28.4
R056,442.1,T01,standard,1.2,0.0,99.8,9.312,3.04,1.614,1.614,3.043,4.3,24.3,4.3,34.2
R057,450.1,T01,standard,1.2,0.0,111.8,9.321,3.049,1.605,1.618,3.049,4.2,24.4,4.3,28.4
R058,458.2,T01,standard,1.2,0.0,123.9,9.321,3.049,1.605,1.618,3.049,4.2,24.4,4.3,28.4
R059,466.2,T01,standard,1.2,0.0,133.0,9.321,3.049,1.608,1.614,3.049,4.2,24.4,4.2,28.4
R060,474.2,T02,bespoke,1.91,0.47,273.0,9.802,3.391,1.925,1.42,3.066,7.8,39.1,4.7,510.0
R061,482.3,T02,bespoke,2.14,0.51,282.9,9.991,3.486,1.969,1.41,3.126,8.5,43.0,4.5,519.9
R062,490.3,T02,standard,2.16,0.43,95.2,10.011,3.169,1.457,1.921,3.464,5.5,42.8,8.6,8.8
R063,498.4,T02,standard,2.24,0.45,127.0,10.083,3.193,1.465,1.936,3.488,5.1,44.8,8.6,30.9
R064,506.4,T02,bespoke,2.35,0.47,188.3,10.228,3.356,1.683,1.775,3.414,9.4,49.0,9.5,228.4
R065,514.4,T03,bespoke,2.51,0.6,131.8,10.353,3.256,1.433,2.044,3.62,5.1,50.9,9.7,748.4
R066,522.5,T03,bespoke,2.7,0.74,133.9,10.558,3.288,1.412,2.123,3.735,6.3,55.2,10.7,768.6
R067,530.5,T03,bespoke,2.88,0.87,136.5,10.789,3.346,1.383,2.207,3.852,7.7,59.3,11.9,823.3
R068,538.5,T03,bespoke,3.06,0.99,141.7,11.024,3.402,1.413,2.263,3.945,9.5,64.2,12.3,879.2
R069,546.6,T04,bespoke,3.23,1.11,145.0,11.271,3.471,1.422,2.335,4.043,11.9,68.5,13.5,982.6
R070,554.6,T04,bespoke,3.38,1.21,147.2,11.486,3.538,1.442,2.386,4.12,12.8,71.8,14.2,962.6
R071,562.6,T04,bespoke,3.5,1.3,145.9,11.66,3.57,1.441,2.453,4.197,13.7,75.0,14.5,970.1
R072,570.7,T04,bespoke,3.73,1.46,148.0,12.026,3.669,1.473,2.549,4.335,16.1,80.4,15.7,1066.3
R073,578.7,T05,bespoke,4.01,1.65,150.8,12.497,3.795,1.547,2.663,4.493,18.6,86.9,16.4,755.6
R074,586.8,T06,bespoke,4.75,2.21,149.6,13.842,4.138,1.676,3.032,4.996,24.8,101.9,18.7,1283.8
R075,594.8,T06,bespoke,5.22,2.6,146.5,14.777,4.353,1.771,3.304,5.349,28.4,110.8,19.8,1255.3
R076,602.8,T07,standard,5.36,2.72,144.5,15.065,4.405,1.788,3.403,5.47,29.4,113.6,20.0,130.4
R077,610.9,T07,standard,5.45,2.78,142.2,15.225,4.434,1.789,3.468,5.534,29.6,115.1,20.0,92.4
R078,618.9,T07,standard,5.48,2.81,135.2,15.241,4.413,1.697,3.533,5.598,29.5,116.7,19.9,0.0
R079,627.0,T07,standard,5.46,2.81,126.3,15.151,4.355,1.609,3.566,5.622,29.4,118.1,19.2,88.2
R080,635.0,T06,bespoke,4.92,2.35,115.7,13.992,4.07,1.389,3.285,5.248,22.7,107.9,18.0,1571.0
R081,643.0,T04,bespoke,3.26,1.14,108.3,11.237,3.412,1.27,2.44,4.115,2.3,67.7,12.9,1134.1
R082,651.1,T03,bespoke,2.94,0.92,110.0,10.83,3.328,1.305,2.287,3.911,0.7,59.9,11.8,903.0
R083,659.1,T03,bespoke,2.67,0.74,110.0,10.514,3.262,1.35,2.159,3.743,2.3,54.1,10.5,830.8
R084,667.1,T02,standard,2.44,0.58,119.2,10.277,3.216,1.406,2.035,3.62,4.6,48.6,9.6,162.8
R085,675.2,T02,standard,2.24,0.48,131.5,10.091,3.185,1.451,1.948,3.507,6.0,44.6,9.2,50.0
R086,683.2,T02,standard,2.09,0.44,164.7,9.978,3.204,1.557,1.83,3.388,8.1,43.3,9.1,102.4
R087,691.3,T02,standard,1.98,0.37,144.7,9.862,3.144,1.51,1.843,3.366,6.2,40.5,7.6,91.9
R088,699.3,T02,standard,1.92,0.35,146.9,9.811,3.132,1.523,1.828,3.329,6.2,39.1,7.7,128.8
R089,707.3,T02,standard,1.97,0.38,146.3,9.858,3.147,1.495,1.856,3.36,6.2,40.1,8.2,97.1
R090,715.4,T02,standard,2.3,0.56,157.8,10.18,3.243,1.509,1.934,3.495,8.4,48.0,10.1,79.2
R091,723.4,T04,bespoke,3.44,1.25,180.0,11.694,3.733,1.787,2.18,3.995,17.3,75.3,16.2,696.9
R092,731.5,T07,bespoke,5.59,3.11,198.4,16.059,5.111,2.879,2.924,5.146,27.4,114.4,27.0,1181.8
R093,739.5,T06,bespoke,5.17,1.92,88.1,14.185,4.336,1.593,3.045,5.212,16.3,101.3,17.5,1367.3
R094,747.5,T04,bespoke,4.02,1.34,154.5,12.384,3.868,1.616,2.493,4.407,14.9,81.9,15.5,1010.1
R095,755.6,T04,bespoke,3.66,1.27,170.1,11.949,3.78,1.712,2.306,4.151,16.5,77.9,15.7,823.3
R096,763.6,T04,bespoke,3.79,1.34,165.3,12.127,3.813,1.672,2.387,4.256,16.6,79.8,15.9,904.0
R097,771.6,T05,bespoke,4.35,1.75,165.9,13.094,4.068,1.798,2.624,4.605,20.7,91.3,18.0,511.2
R098,779.7,T06,bespoke,5.31,2.5,172.6,15.016,4.632,2.188,3.02,5.176,26.5,107.4,21.6,971.3
R099,787.7,T10,bespoke,6.13,3.91,187.0,17.623,5.33,3.049,3.543,5.701,31.9,123.6,27.5,642.4
R100,795.8,T04,bespoke,3.87,1.33,97.6,12.063,3.675,1.36,2.598,4.431,7.2,79.3,14.2,1115.6
R101,803.8,T03,bespoke,2.69,0.78,185.7,10.651,3.458,1.705,1.899,3.589,12.5,58.4,12.5,515.2
R102,811.8,T01,standard,1.4,0.12,111.9,9.431,3.042,1.558,1.684,3.147,4.9,27.9,5.3,68.9
R103,819.9,T01,standard,1.23,0.02,164.9,9.34,3.052,1.605,1.624,3.059,4.7,24.3,4.8,19.1
R104,827.9,T01,standard,1.48,0.19,138.0,9.489,3.05,1.536,1.728,3.176,5.2,29.5,6.1,105.3
R105,835.9,T06,bespoke,4.92,2.13,256.2,13.995,5.103,3.054,1.625,4.212,18.5,102.0,22.4,424.3
R106,844.0,T06,bespoke,5.45,1.96,216.9,14.867,5.093,2.696,2.254,4.824,20.3,101.3,21.2,318.9
R107,852.0,T06,bespoke,5.46,2.25,174.9,15.046,4.752,2.198,2.898,5.199,23.6,105.1,20.9,848.7
R108,860.0,T06,bespoke,5.47,2.18,180.1,15.047,4.806,2.274,2.815,5.152,23.4,104.4,21.3,765.9
R109,868.1,T05,bespoke,4.48,1.69,131.4,13.06,3.969,1.448,2.84,4.803,14.0,91.4,16.5,854.0
R110,876.1,T04,bespoke,3.69,1.29,149.4,11.907,3.685,1.498,2.457,4.267,13.9,77.2,15.0,974.1
R111,884.2,T04,bespoke,3.3,1.11,180.3,11.45,3.672,1.753,2.12,3.906,15.5,71.7,14.9,651.4
R112,892.2,T04,bespoke,3.36,1.23,175.5,11.576,3.676,1.715,2.206,3.979,16.8,73.9,15.7,723.8
R113,900.2,T04,bespoke,3.38,1.29,167.6,11.604,3.621,1.641,2.3,4.042,16.9,74.8,15.4,817.2
R114,908.3,T05,bespoke,3.82,1.59,170.7,12.326,3.837,1.756,2.448,4.286,20.4,84.4,17.6,546.9
R115,916.3,T05,bespoke,4.17,1.6,192.6,12.844,4.182,2.094,2.268,4.3,19.7,87.7,19.0,208.4
R116,924.4,T05,standard,4.17,1.7,207.7,12.9,4.31,2.302,2.112,4.175,19.5,89.0,20.6,0.0
R117,932.4,T05,bespoke,4.16,1.82,153.6,12.799,3.868,1.595,2.744,4.592,21.1,91.1,17.2,707.8
R118,940.4,T05,bespoke,3.67,1.64,131.5,11.933,3.52,1.274,2.721,4.417,15.3,82.7,15.0,1028.5
R119,948.5,T03,bespoke,2.72,0.95,72.1,10.665,3.294,1.405,2.184,3.781,10.7,59.1,11.9,799.9
R120,956.5,T02,standard,2.39,0.64,110.2,10.228,3.173,1.371,2.072,3.611,3.6,48.1,9.6,153.9
R121,964.5,T02,standard,2.14,0.49,144.2,10.006,3.164,1.455,1.93,3.457,6.1,43.9,8.7,0.0
R122,972.6,T02,standard,1.99,0.47,170.4,9.909,3.176,1.542,1.834,3.357,8.4,41.9,9.1,100.7
R123,980.6,T01,standard,1.2,0.0,74.5,9.32,3.04,1.617,1.613,3.049,4.3,24.3,4.2,28.3
R124,988.7,T01,standard,1.2,0.0,135.3,9.32,3.04,1.613,1.613,3.053,4.3,24.3,4.2,24.5
R125,996.7,T01,standard,1.2,0.0,264.0,9.32,3.044,1.613,1.613,3.049,4.2,24.3,4.2,28.3
R126,1004.7,T01,standard,1.2,0.0,235.4,9.32,3.049,1.608,1.613,3.049,4.2,24.4,4.2,28.3
R127,1012.8,T09,bespoke,6.75,3.07,20.8,17.751,5.829,3.11,3.032,5.781,25.6,118.4,26.0,492.5
R128,1020.8,T08,standard,6.68,2.54,185.2,17.174,5.558,2.608,3.129,5.879,23.9,114.3,22.3,0.0
R129,1028.8,T09,bespoke,6.72,3.05,203.2,17.69,5.786,3.053,3.066,5.785,25.7,118.1,25.9,549.0
R130,1036.9,T10,standard,6.87,4.4,201.1,19.266,5.972,3.588,3.669,6.037,30.8,128.5,30.0,0.0
R131,1044.9,T04,bespoke,3.54,1.27,57.0,11.781,3.695,1.649,2.322,4.115,16.5,75.9,15.5,839.5
R132,1053.0,T03,bespoke,2.62,0.65,124.7,10.463,3.27,1.401,2.095,3.698,4.7,52.2,10.4,780.4
R133,1061.0,T02,standard,1.92,0.52,123.0,9.809,3.047,1.382,1.96,3.42,4.3,39.2,7.8,116.2
R134,1069.0,T01,standard,1.46,0.19,283.9,9.471,3.18,1.735,1.524,3.032,5.7,29.3,4.7,131.8
R135,1077.1,T01,standard,1.38,0.12,264.1,9.422,3.132,1.684,1.566,3.04,5.1,27.9,4.6,80.1
R136,1085.1,T01,standard,1.23,0.02,134.1,9.337,3.058,1.6,1.617,3.062,4.7,24.4,4.8,16.0
R137,1093.2,T01,standard,1.29,0.06,331.8,9.379,3.09,1.647,1.588,3.054,4.9,25.8,4.7,43.6
R138,1101.2,T01,standard,1.29,0.05,280.9,9.378,3.091,1.648,1.587,3.052,4.9,25.7,4.6,44.7
R139,1109.2,T01,standard,1.29,0.06,255.3,9.37,3.084,1.645,1.586,3.056,4.9,25.8,4.6,40.9
R140,1117.3,T01,standard,1.27,0.04,55.0,9.358,3.054,1.604,1.623,3.078,4.4,25.8,4.4,0.0
R141,1125.3,T01,standard,1.36,0.08,149.6,9.411,3.06,1.577,1.66,3.114,4.8,27.3,5.2,36.8
R142,1133.3,T01,standard,1.38,0.12,196.6,9.425,3.083,1.617,1.626,3.099,5.1,28.3,5.1,28.7
R143,1141.4,T01,standard,1.2,0.0,95.6,9.323,3.046,1.613,1.609,3.054,4.2,24.4,4.2,23.3
R144,1149.4,T01,standard,1.2,0.0,138.3,9.318,3.047,1.606,1.618,3.047,4.2,24.4,4.3,30.7
R145,1157.5,T01,standard,1.2,0.0,155.8,9.316,3.043,1.615,1.615,3.043,4.3,24.3,4.3,34.3
R146,1165.5,T01,standard,1.2,0.0,175.0,9.321,3.052,1.611,1.606,3.052,4.2,24.4,4.1,25.4
R147,1173.5,T01,standard,1.2,0.0,71.8,9.325,3.052,1.606,1.615,3.052,4.1,24.4,4.2,25.4
R148,1181.6,T01,standard,1.2,0.0,130.8,9.312,3.043,1.615,1.611,3.043,4.3,24.3,4.2,34.3
R149,1189.6,T01,standard,1.2,0.0,168.0,9.325,3.052,1.615,1.606,3.052,4.2,24.4,4.1,25.4
R150,1197.6,T01,standard,1.2,0.0,64.0,9.326,3.046,1.613,1.609,3.059,4.8,23.6,4.7,19.0
R151,1205.7,T01,standard,1.21,0.01,97.1,9.321,3.046,1.606,1.615,3.055,4.4,24.4,4.4,22.6
R152,1213.7,T01,standard,1.22,0.01,194.2,9.336,3.054,1.611,1.609,3.062,4.6,24.4,4.5,16.1
R153,1221.8,T01,standard,1.2,0.0,113.5,9.316,3.052,1.606,1.615,3.043,4.1,24.4,4.3,34.3
R154,1229.8,T01,standard,1.2,0.0,276.2,9.316,3.043,1.615,1.615,3.043,4.3,24.3,4.3,34.3
R155,1237.8,T01,standard,1.2,0.0,250.1,9.325,3.052,1.615,1.606,3.052,4.2,24.4,4.1,25.4
R156,1245.9,T04,bespoke,3.45,1.65,116.3,11.595,3.365,1.126,2.743,4.36,11.4,79.3,14.4,1277.7
R157,1253.9,T07,bespoke,5.13,2.94,76.4,14.908,4.24,1.784,3.486,5.397,33.2,115.9,20.1,201.0
R158,1261.9,T07,bespoke,5.5,3.16,128.8,15.486,4.329,1.649,3.771,5.737,34.6,124.1,19.8,237.9
R159,1270.0,T01,standard,1.2,0.0,260.2,9.316,3.047,1.611,1.615,3.043,4.2,24.3,4.3,34.3
R160,1278.0,T06,bespoke,4.91,2.27,87.3,14.001,4.122,1.533,3.186,5.161,23.2,105.0,18.1,1426.9
R161,1286.1,T06,bespoke,5.21,2.37,122.3,14.446,4.248,1.492,3.321,5.386,22.1,109.5,18.1,1468.3
R162,1294.1,T10,bespoke,7.11,4.14,358.4,19.284,6.43,3.969,3.083,5.802,26.4,128.7,33.1,586.4
R163,1302.1,T09,bespoke,6.98,3.04,332.3,17.889,6.365,3.722,2.325,5.478,21.7,122.8,27.2,385.6
R164,1310.2,T08,bespoke,6.84,2.6,259.9,17.258,6.267,3.588,2.06,5.344,20.3,119.0,22.0,1069.7
R165,1318.2,T08,bespoke,6.64,2.39,155.0,16.899,5.34,2.215,3.328,6.016,21.9,114.4,20.3,393.0
R166,1326.2,T09,bespoke,6.38,3.08,127.8,16.815,4.936,1.901,3.82,6.158,29.2,124.6,20.6,1701.1
R167,1334.3,T09,bespoke,6.34,3.38,139.0,17.075,4.937,2.068,3.906,6.163,33.3,126.6,21.5,1534.7
R168,1342.3,T09,bespoke,6.39,3.74,146.6,17.543,5.012,2.275,4.028,6.228,36.1,128.9,22.6,1327.4
R169,1350.4,T10,bespoke,6.58,4.29,156.6,18.501,5.226,2.674,4.226,6.375,38.3,131.8,24.4,913.5
R170,1358.4,T09,bespoke,6.8,3.04,107.7,17.408,5.18,1.926,3.894,6.409,26.6,126.7,20.4,1676.5
R171,1366.4,T09,bespoke,6.54,2.99,173.4,17.292,5.407,2.584,3.38,5.921,27.6,117.8,23.4,1018.5
R172,1374.5,T09,bespoke,7.04,3.64,5.4,18.713,6.184,3.556,3.097,5.876,26.4,123.9,29.4,386.9
R173,1382.5,T08,bespoke,7.03,2.85,337.7,17.878,6.31,3.576,2.411,5.581,21.9,120.3,25.8,967.6
R174,1390.5,T08,bespoke,7.02,2.7,230.5,17.778,6.22,3.412,2.493,5.654,21.9,117.9,24.4,803.5
R175,1398.6,T09,bespoke,7.03,3.59,202.8,18.667,6.077,3.4,3.228,5.962,27.3,123.4,28.2,517.2
R176,1406.6,T09,bespoke,7.23,2.93,64.0,18.222,5.661,2.391,3.699,6.471,25.6,122.3,21.7,1211.9
R177,1414.7,T09,standard,6.84,3.33,351.4,18.047,6.164,3.602,2.71,5.57,24.1,122.1,29.5,0.0
R178,1422.7,T08,bespoke,6.87,2.74,316.0,17.398,6.311,3.672,2.081,5.335,20.4,120.9,23.6,1063.7
R179,1430.7,T09,bespoke,7.05,3.54,215.5,18.621,6.231,3.588,2.98,5.822,25.8,123.5,29.4,269.9
R180,1438.8,T08,bespoke,6.4,2.65,81.8,16.576,5.04,1.931,3.563,6.041,24.2,118.3,20.2,677.3
R181,1446.8,T08,bespoke,6.21,2.24,163.4,16.153,5.132,2.214,3.119,5.688,22.0,110.0,20.3,426.0
R182,1454.8,T03,standard,2.76,0.69,253.2,10.634,3.722,2.078,1.487,3.347,10.8,56.3,7.6,103.4
R183,1462.9,T04,bespoke,3.65,1.3,196.8,11.967,4.105,2.261,1.79,3.811,16.1,78.3,17.2,307.5
R184,1470.9,T06,bespoke,5.33,2.48,237.4,14.689,5.482,3.411,1.495,4.301,18.6,112.5,23.4,554.0
R185,1479.0,T07,bespoke,6.08,2.78,185.9,16.345,5.724,3.342,2.259,5.02,22.0,114.9,27.4,1644.6
R186,1487.0,T07,bespoke,6.11,3.0,176.7,16.636,5.699,3.334,2.481,5.121,23.4,116.4,28.7,1637.2
R187,1495.0,T09,bespoke,6.21,3.32,168.6,17.119,5.717,3.382,2.738,5.281,25.2,119.1,29.6,447.2
R188,1503.1,T01,standard,1.34,0.11,327.5,9.397,3.08,1.62,1.621,3.076,4.8,27.5,4.8,26.2
R189,1511.1,T01,standard,1.31,0.07,330.9,9.378,3.066,1.626,1.617,3.069,4.9,26.6,4.7,22.6
R190,1519.2,T01,standard,1.28,0.04,325.3,9.374,3.073,1.616,1.613,3.071,4.6,25.8,4.5,19.4
R191,1527.2,T01,standard,1.28,0.04,299.2,9.369,3.073,1.629,1.6,3.066,4.7,25.8,4.5,25.7
R192,1535.2,T01,standard,1.28,0.04,243.3,9.365,3.083,1.639,1.591,3.053,4.7,25.8,4.5,35.3
R193,1543.3,T01,standard,1.27,0.04,196.1,9.356,3.074,1.633,1.597,3.052,5.1,25.1,4.9,29.5
R194,1551.3,T01,standard,1.26,0.04,185.1,9.355,3.076,1.625,1.601,3.054,4.8,25.1,4.8,24.0
R195,1559.3,T08,bespoke,6.59,2.86,36.9,17.004,5.128,1.962,3.705,6.21,25.7,121.8,20.6,646.4
R196,1567.4,T08,bespoke,6.65,2.62,36.9,16.941,5.192,1.968,3.6,6.181,22.5,119.1,20.2,639.8
R197,1575.4,T08,bespoke,6.57,2.37,31.8,16.679,5.193,1.989,3.435,6.061,20.0,115.3,19.5,619.6
R198,1583.5,T08,bespoke,6.48,2.2,1.8,16.564,5.327,2.318,3.109,5.81,21.0,110.9,20.1,290.4
R199,1591.5,T08,bespoke,6.36,2.27,313.7,16.473,5.646,2.96,2.497,5.37,21.3,110.1,22.3,631.9
R200,1599.5,T08,bespoke,6.12,2.32,296.0,16.066,5.651,3.133,2.207,5.075,20.6,110.1,23.1,922.4
R201,1607.6,T06,bespoke,5.62,2.3,302.7,15.322,5.322,2.978,2.195,4.827,21.1,106.8,24.0,322.1
R202,1615.6,T06,bespoke,5.49,2.22,291.0,15.01,5.319,3.049,1.979,4.662,20.2,105.9,23.5,226.0
R203,1623.7,T06,bespoke,5.46,2.37,293.4,15.085,5.312,3.093,2.035,4.645,20.6,107.6,25.2,218.9
R204,1631.7,T06,bespoke,5.45,2.48,295.3,15.157,5.319,3.116,2.081,4.642,20.7,108.4,26.2,225.6
R205,1639.7,T06,standard,5.34,2.37,301.1,14.957,5.198,2.988,2.127,4.645,21.2,106.2,25.6,140.1
R206,1647.8,T06,standard,5.3,2.41,305.3,14.95,5.144,2.958,2.195,4.653,21.8,106.1,25.7,148.7
R207,1655.8,T06,standard,5.26,2.44,304.2,14.901,5.136,2.97,2.179,4.617,21.6,106.3,26.3,129.5
R208,1663.8,T06,standard,5.2,2.39,303.8,14.777,5.096,2.947,2.159,4.575,21.4,105.7,25.9,109.6
R209,1671.9,T06,standard,5.13,2.34,299.4,14.607,5.093,2.96,2.049,4.505,20.9,104.6,25.6,0.0
R210,1679.9,T06,standard,5.05,2.27,297.4,14.433,5.053,2.944,1.993,4.443,20.5,103.5,25.2,62.2
R211,1688.0,T06,standard,4.98,2.21,294.4,14.276,5.032,2.94,1.924,4.381,19.9,102.4,24.7,125.6
R212,1696.0,T06,standard,4.9,2.17,293.8,14.132,4.98,2.923,1.897,4.332,19.9,101.3,24.3,173.1
R213,1704.0,T06,bespoke,4.68,2.05,292.1,13.704,4.857,2.841,1.813,4.194,18.9,98.1,23.1,311.0
R214,1712.1,T05,bespoke,4.47,1.91,290.6,13.321,4.729,2.768,1.745,4.079,18.3,94.5,22.2,465.4
R215,1720.1,T05,bespoke,4.27,1.78,288.0,12.955,4.613,2.71,1.672,3.959,17.6,91.5,21.0,440.8
R216,1728.1,T05,bespoke,4.07,1.63,286.4,12.589,4.497,2.624,1.608,3.859,16.9,87.0,19.1,504.1
R217,1736.2,T05,bespoke,3.84,1.49,284.8,12.205,4.358,2.538,1.564,3.745,15.8,82.4,17.4,548.3
R218,1744.2,T04,standard,3.67,1.37,282.2,11.929,4.269,2.485,1.513,3.662,15.3,78.5,15.5,108.0
R219,1752.2,T04,standard,3.48,1.24,280.4,11.63,4.161,2.404,1.483,3.583,14.2,74.3,13.7,0.0
R220,1760.3,T04,standard,3.33,1.14,278.3,11.403,4.079,2.352,1.454,3.518,13.8,70.4,12.6,82.2
R221,1768.3,T04,standard,3.22,1.08,276.5,11.246,4.02,2.311,1.437,3.478,13.4,67.8,11.3,140.7
R222,1776.4,T03,standard,3.12,1.01,273.9,11.098,3.969,2.277,1.416,3.436,12.8,65.1,9.7,164.0
R223,1784.4,T03,standard,3.0,0.94,269.9,10.939,3.907,2.245,1.404,3.384,12.2,62.3,8.6,102.1
R224,1792.4,T03,standard,2.91,0.89,268.1,10.822,3.855,2.22,1.393,3.354,12.2,59.9,7.8,50.4
R225,1800.5,T03,standard,2.8,0.81,264.5,10.689,3.805,2.181,1.384,3.319,11.4,57.2,6.9,0.0
R226,1808.5,T03,standard,2.7,0.76,261.2,10.569,3.757,2.144,1.378,3.29,11.0,54.7,5.6,48.0
R227,1816.6,T03,standard,2.62,0.71,259.9,10.472,3.715,2.112,1.388,3.258,10.6,53.0,5.5,90.0
R228,1824.6,T03,standard,2.53,0.66,257.6,10.372,3.657,2.084,1.4,3.232,10.1,51.1,4.8,148.2
R229,1832.6,T03,standard,2.47,0.63,255.3,10.309,3.634,2.068,1.392,3.215,9.9,49.7,4.9,171.5
R230,1840.7,T02,bespoke,2.4,0.59,251.7,10.239,3.602,2.032,1.402,3.202,9.5,48.0,4.5,577.4
R231,1848.7,T02,bespoke,2.32,0.54,247.8,10.154,3.551,2.005,1.411,3.188,9.2,46.4,4.3,550.2
R232,1856.8,T02,bespoke,2.22,0.49,242.2,10.072,3.511,1.967,1.423,3.17,8.7,44.2,4.5,512.0
